PLAYER_ID,PLAYER_NAME,n_shots,actual_fg,mean_xfg,raw_delta,sigma2_within,weight,shrunk_delta,ci_lo,ci_hi
1629060,Rui Hachimura,107,0.5420560747663551,0.4246031,0.11745297017498546,0.002126838163638575,0.63593110892949,0.07469199757044082,0.0288594491988699,0.2055373455911317
1628392,Isaiah Hartenstein,37,0.7837837837837838,0.61282295,0.17096083389746175,0.005558516179844791,0.40060434786589727,0.06848765337410265,0.04159077653611029,0.30004521048552274
1628969,Mikal Bridges,91,0.5934065934065934,0.49631673,0.09708986243048867,0.0024233731565923454,0.605210384829732,0.05875979300462179,0.011365255787149892,0.1871773747543057
1630577,Julian Champagnie,62,0.5161290322580645,0.40712973,0.10899929750350212,0.0036823015183241386,0.5022113867395919,0.054740688352875135,-0.012834864464257993,0.22288017069259958
1628384,OG Anunoby,97,0.6185567010309279,0.5348836,0.0836730826761305,0.0021290326551773276,0.6356923113085783,0.05319033532070316,-0.013341768669713403,0.17206276355637717
1642461,Spencer Jones,19,0.6842105263157895,0.4705279,0.21368263897142914,0.011337774282016913,0.2467992696505864,0.052736719235158644,0.009262414904017201,0.41760141763247943
1626220,Royce O'Neale,14,0.6428571428571429,0.36379918,0.27905795829636715,0.016262078771785815,0.1859638662846967,0.05189469684230608,0.05224121766430991,0.4940923890897206
203083,Andre Drummond,23,0.6956521739130435,0.5158834,0.17976878777794214,0.009597734152031306,0.2790571095234363,0.05016575829984458,0.009337553835433462,0.35000465541430137
1626157,Karl-Anthony Towns,92,0.5869565217391305,0.5058767,0.08107980178750085,0.002434831485856458,0.6040827637932024,0.04897891075159854,-0.01511820881910946,0.1726070273991512
1628379,Luke Kennard,75,0.49333333333333335,0.4040772,0.08925613125165305,0.0031199791802300346,0.5435288395498012,0.04851328144191573,-0.024055308361848195,0.1940415783524513
1629674,Neemias Queta,34,0.7352941176470589,0.6297904,0.10550369234646073,0.005712979392609382,0.39404106291684066,0.04157278707385073,-0.03178012300940121,0.24556383948554006
1631096,Chet Holmgren,86,0.5930232558139535,0.5264342,0.066589072693226,0.002435093122021194,0.6040570650880014,0.04022359981800168,-0.020692812954617102,0.15737533529483994
1630168,Onyeka Okongwu,48,0.5833333333333334,0.4964539,0.08687942226727807,0.004363328218460083,0.45987359305206393,0.03995355208034066,-0.03718351710898181,0.20324895532491305
202331,Paul George,142,0.45774647887323944,0.400465,0.05728146727655975,0.0016246754790648324,0.6957362012795252,0.03985279044671111,-0.02161374843456376,0.13613844272011602
1630198,Isaiah Joe,36,0.4722222222222222,0.367291,0.10493121875656974,0.006300636279730149,0.37092116144823256,0.03892120953336541,-0.057278083595964646,0.26852368867645654
1628983,Shai Gilgeous-Alexander,126,0.5158730158730159,0.45843685,0.057436169139922666,0.0018324534819149556,0.6696777214853495,0.038463722880470556,-0.02948360734929641,0.13809845328981438
1642272,Jared McCain,33,0.5151515151515151,0.40541598,0.10973553314353479,0.007085043098863053,0.3439812135461146,0.03774696185984298,-0.05228456448424946,0.27263575724580064
1631114,Jalen Williams,26,0.6153846153846154,0.49401256,0.12137205096391535,0.008265699155231905,0.31008311784580467,0.03763542398223077,-0.041058912271490465,0.29382874108850954
1628386,Jarrett Allen,71,0.6619718309859155,0.5948996,0.06707223620213254,0.0029634321712591516,0.556269491878873,0.03731023875134002,-0.03960137973788758,0.15949587870231816
1628973,Jalen Brunson,202,0.48514851485148514,0.43799084,0.047157670601759794,0.0011544212174525437,0.7629252319636222,0.035977776782711676,-0.02299342126686974,0.11299303266782276
1642419,Jamison Battle,19,0.5789473684210527,0.42873374,0.15021363214442607,0.012149706441609813,0.23416846333815441,0.03517529541170305,-0.08064866614969153,0.3770163407843363
1630245,Ayo Dosunmu,92,0.5,0.4413447,0.05865529179573059,0.002528879277422207,0.5949838555912825,0.03489895166345551,-0.03141551885510916,0.15663110587502949
201144,Mike Conley,32,0.46875,0.36772227,0.1010277271270752,0.007199883460998535,0.34036203964948,0.034386003266122414,-0.08303678673692047,0.28418489140458403
1627741,Buddy Hield,5,0.8,0.39205045,0.4079495549201966,0.043378348350524905,0.07888623092423855,0.03218160279487496,-0.006678479909896851,0.7053102791309357
1631110,Jeremy Sochan,8,0.875,0.66934025,0.20565974712371826,0.021060338243842125,0.14994812276451838,0.03083829300942711,0.006829652935266499,0.39137635901570317
201142,Kevin Durant,12,0.5833333333333334,0.396875,0.18645833929379785,0.019752987556987338,0.15830140098599005,0.029516616335729277,-0.05331066356350978,0.4232277010257045
1629130,Duncan Robinson,98,0.42857142857142855,0.38244808,0.046123351369585286,0.0023153661341033644,0.6160499877731342,0.02841429004728899,-0.048561712780169075,0.14902964720920636
201935,James Harden,137,0.43795620437956206,0.39723146,0.04072474476194732,0.0016948962746396153,0.6867055317737892,0.027965907508104872,-0.044518626391561365,0.1138622691678087
1642867,Collin Murray-Boyles,64,0.65625,0.6053758,0.050874173641204834,0.0031139804050326347,0.5440062898344177,0.02767587045094377,-0.054786134918686,0.1455535988672636
1629661,Cameron Johnson,62,0.5,0.44574896,0.0542510449886322,0.0036200573987692874,0.5064730613780279,0.02747669283834967,-0.06420313949065823,0.1608015250654951
203468,CJ McCollum,99,0.46464646464646464,0.42288417,0.0417622984057725,0.00235234274084307,0.6122955649856938,0.025570870097463616,-0.03982268911268976,0.13656421817011302
1631221,Collin Gillespie,36,0.4444444444444444,0.3751805,0.06926393177774215,0.00645957096123401,0.36512709588011294,0.02529013825924526,-0.09401421019186576,0.23237923027740584
1630703,Scoot Henderson,59,0.4745762711864407,0.42291492,0.05166134894904445,0.003913552553548925,0.4869874467613375,0.025158428420941664,-0.06786633168615526,0.17200984653022325
1630194,Paul Reed,12,0.6666666666666666,0.51883364,0.1478330294291178,0.01814135081238217,0.16997417035358747,0.025127796528071778,-0.07741962311168511,0.3574328224485119
1628415,Dillon Brooks,85,0.4588235294117647,0.41603222,0.04279130451819474,0.002793812735270464,0.5707658151950438,0.02442381380658678,-0.05543205720536849,0.150646677245112
1629675,Naz Reid,99,0.48484848484848486,0.44535035,0.03949813589905249,0.0023155263000307685,0.616033626030373,0.024332179879333754,-0.05146700015874824,0.13356398386184615
1628378,Donovan Mitchell,213,0.45539906103286387,0.42525932,0.03013973910483958,0.001071799352944742,0.7760935436047428,0.02339125692519739,-0.03136726051499026,0.09453427537296298
1628369,Jayson Tatum,101,0.4752475247524752,0.43891796,0.03632956005559107,0.0022247640914326147,0.6254468620449869,0.022722209336244335,-0.05269051323285197,0.12472945510013267
1628978,Donte DiVincenzo,32,0.5,0.43553516,0.06446483731269836,0.006869529373943806,0.35098507197289774,0.02262619556391858,-0.09255742896348237,0.22852018319536
202685,Jonas Valančiūnas,7,0.7142857142857143,0.50123847,0.21304724897657124,0.03140029372001181,0.10579482242666197,0.022539295873965193,-0.1482261163847787,0.5059630870819092
1630241,Sam Merrill,41,0.43902439024390244,0.3856116,0.05341279652060532,0.005547594981559468,0.401076685362567,0.021422627384429634,-0.09925077439444821,0.20115558788543794
1630570,Trendon Watford,11,0.6363636363636364,0.49075872,0.14560491930354724,0.021557849300794366,0.14699630698506905,0.021403385416480437,-0.14158496870235965,0.42292700538581063
1642859,Jase Richardson,2,1.0,0.34726113,0.6527388691902161,0.1131756603717804,0.03178198838024166,0.02074533915593553,0.6348640024662018,0.6706137657165527
1630598,Aaron Wiggins,8,0.625,0.44314924,0.18185076117515564,0.03015417978167534,0.10968722055633584,0.01994670454935685,-0.16522896196693182,0.44309204220771786
203954,Joel Embiid,124,0.4596774193548387,0.43129677,0.02838065355054792,0.0018766942307058409,0.6643793367276914,0.018855519781811426,-0.057637663083451404,0.11135636154682405
1630192,Zeke Nnaji,2,1.0,0.38350058,0.6164994239807129,0.11812670528888702,0.030490525591177233,0.01879739146382995,0.6032907366752625,0.6297080814838409
1642359,Pacôme Dadiet,11,0.5454545454545454,0.42396373,0.1214908198876814,0.02110711799180212,0.14966553083370057,0.018182988049911343,-0.14638183679093014,0.3868233877826818
1627759,Jaylen Brown,143,0.45454545454545453,0.4288914,0.025654063983397035,0.0015952420751181866,0.6995924877210402,0.017947390442299472,-0.056909606277525844,0.10161918832601366
1642853,Rasheer Fleming,5,0.6,0.35961607,0.2403839290142059,0.04605251312255859,0.07464742754818138,0.017944041924835112,-0.1592337191104889,0.6393444836139679
1642349,Ajay Mitchell,100,0.44,0.41069353,0.02930647373199463,0.002361821937561035,0.6113404518034539,0.01791623289208365,-0.05390482379496098,0.12101460927724837
1629013,Landry Shamet,31,0.45161290322580644,0.3988927,0.05272020255365678,0.007347650756200816,0.335815724628809,0.017704273023133838,-0.11091559904236947,0.23904167937655604
1627751,Jakob Poeltl,31,0.6451612903225806,0.5942155,0.050945778046884826,0.007152933483937528,0.3418324169971847,0.01741491844556875,-0.0905386694737019,0.20501289112913987
1626164,Devin Booker,63,0.4603174603174603,0.42666915,0.033648309726563685,0.003685726330123521,0.5019789804622317,0.01689074421081783,-0.0813763751574452,0.15244669548812365
1627936,Alex Caruso,43,0.4883720930232558,0.4486334,0.03973869043727252,0.005039814938204297,0.4243391203801679,0.01686268094521201,-0.09479726885640342,0.18393617405794382
1642844,Dylan Harper,81,0.5555555555555556,0.5281301,0.02742544147703385,0.0027161484683292194,0.5776585161625162,0.0158425398287253,-0.07454457611397461,0.1250978605430803
1630595,Cade Cunningham,216,0.4398148148148148,0.41963932,0.020175495633372564,0.0010724625306201406,0.7759860365582568,0.015655902892139195,-0.041304640984162685,0.0845890810764912
1628396,Tony Bradley,4,0.75,0.49909106,0.2509089410305023,0.05614931136369705,0.06205729213997598,0.015570729454061889,-0.18619880080223083,0.5823362618684769
1630178,Tyrese Maxey,211,0.4549763033175355,0.43552896,0.01944733951329053,0.001080235280142552,0.774728220858741,0.015066402741567467,-0.04726931768782896,0.08367864243262468
1629162,Jordan McLaughlin,2,1.0,0.58138186,0.4186181426048279,0.09986111521720886,0.03586751180614885,0.015014791172146765,0.20968091487884521,0.6275553405284882
204060,Joe Ingles,3,0.6666666666666666,0.34660697,0.3200596968332926,0.07548662688997057,0.04690582101031115,0.015012662852276874,-0.3490227162837982,0.6580186486244202
1629731,Dean Wade,50,0.46,0.4281572,0.0318427896499634,0.004415861511230469,0.45690236792076105,0.014549045992270979,-0.08385837104916571,0.1510145951509475
1630568,Luka Garza,20,0.5,0.44291252,0.057087481021881104,0.011115844249725343,0.2504923906753447,0.014299979598804366,-0.13459914200007916,0.24587427761405706
1630631,Jose Alvarado,33,0.48484848484848486,0.44418812,0.04066036686752783,0.006981230526478385,0.34731972741058403,0.014122147536844109,-0.14488561164700625,0.2238363334852637
1631248,Baylor Scheierman,26,0.4230769230769231,0.37576655,0.04731037754278916,0.008785151870998405,0.29719741173768793,0.014060521754049775,-0.12972232858435465,0.2315458593316949
1629622,Max Strus,76,0.4473684210526316,0.42244223,0.024926193450626577,0.0029075591517947717,0.5609625976825096,0.013982662228400241,-0.07284869628615286,0.13038545603814877
1630573,Sam Hauser,46,0.41304347826086957,0.38403726,0.02900622202002484,0.004983748740645122,0.4270741150237991,0.012387806599385943,-0.09892213779461125,0.16849640096821206
1642355,Bronny James,10,0.5,0.41469336,0.08530664443969727,0.023165578842163085,0.1382044522152839,0.011789758065112356,-0.18558557651937008,0.3708795647323131
1628960,Grayson Allen,13,0.46153846153846156,0.39299423,0.06854423651328456,0.018019178209925546,0.17092963180072596,0.011716241109277607,-0.20890532199006814,0.33710265463361355
1630191,Isaiah Stewart,24,0.5833333333333334,0.54243475,0.040898581345876095,0.009307284322049882,0.2852812077545498,0.011667596681799232,-0.1323593683540821,0.20544877210631965
1630322,Lindy Waters III,6,0.5,0.37887096,0.12112903594970703,0.035326874918407865,0.09515466316238702,0.01152599261497904,-0.201778677602609,0.4720273514588674
1630567,Scottie Barnes,116,0.5086206896551724,0.49159038,0.01703030898653224,0.001925565683317241,0.6586229852553728,0.011216552944531265,-0.06251486478823012,0.09774255609332481
2544,LeBron James,165,0.46060606060606063,0.44539207,0.015213988405285483,0.0013648069047183483,0.7313279729364413,0.011126415300715953,-0.05972945329817858,0.08465510747197902
203482,Kelly Olynyk,3,0.6666666666666666,0.43721762,0.22944904367129004,0.07527330186631945,0.04703250031390378,0.010791562218494873,-0.3266597390174866,0.6530728042125702
1630596,Evan Mobley,108,0.5648148148148148,0.54903996,0.01577485490728303,0.0018034764605131006,0.6731941271185378,0.010619539679729983,-0.057742997845289884,0.08994988572818262
1629628,RJ Barrett,132,0.4772727272727273,0.4619127,0.015360035679557127,0.0017318070974779085,0.682052019884179,0.010476343360734997,-0.062213229749238846,0.08656035613720162
1641705,Victor Wembanyama,103,0.5339805825242718,0.5187375,0.015243087578745707,0.00198598123313637,0.6516433196142872,0.00993305619098516,-0.06400217398711779,0.09927892872286073
1641733,Nick Smith Jr.,14,0.42857142857142855,0.3778755,0.05069592169352938,0.015430107408640335,0.19404511968519447,0.009837296192572155,-0.19956940255526984,0.3015548330332551
1641717,Cason Wallace,45,0.4666666666666667,0.44533488,0.021331785122553515,0.004991001082055363,0.42671835113290396,0.009102664174217448,-0.1156799229979515,0.15729289773437705
1642404,Chaz Lanier,1,1.0,0.41370118,0.5862988233566284,0.2425525188446045,0.015085293955123555,0.008844490095877799,0.5862988233566284,0.5862988233566284
1641708,Amen Thompson,86,0.4883720930232558,0.4734856,0.014886503995851008,0.0026418240796301155,0.5844125167000176,0.008699859265080157,-0.08066507343116194,0.1157066772973468
1642917,Max Shulga,2,0.5,0.26709616,0.2329038381576538,0.09613953530788422,0.03720429422279729,0.008665022920436116,-0.2081323117017746,0.6739400029182434
1642367,Jonathan Mogbo,2,1.0,0.89534914,0.10465085506439209,0.046785637736320496,0.07356376109894007,0.007698510500756742,0.09334683418273926,0.11595487594604492
1626145,Tyus Jones,8,0.5,0.43298846,0.06701153516769409,0.028769463300704956,0.11436285935667292,0.007663630771657741,-0.25237651718780396,0.3868336346000432
1642868,Carter Bryant,20,0.5,0.472157,0.027842998504638672,0.010492310523986817,0.26148604449980073,0.007280555545991833,-0.17977508652955293,0.23659549649804829
203999,Nikola Jokić,121,0.4462809917355372,0.43692607,0.009354924860079439,0.0019182704542269596,0.6594759160861793,0.00616934764201826,-0.07843157029595257,0.09312801879545873
1630202,Payton Pritchard,92,0.42391304347826086,0.41453713,0.00937591169191443,0.002471880110540552,0.6004653719249483,0.005629910301220869,-0.08607338159952475,0.10550564583390949
1631199,Ron Harper Jr.,9,0.4444444444444444,0.400423,0.04402145412233138,0.02544920238447778,0.12738273524362545,0.005607573235504343,-0.25204772651195523,0.3398120103610886
202699,Tobias Harris,165,0.4666666666666667,0.4590616,0.0076050738493601555,0.0013842916357287363,0.7285335302909944,0.005540551299598077,-0.06369253667015018,0.07650297577182452
1641780,Johni Broome,6,0.5,0.45018062,0.049819380044937134,0.03207759393586053,0.10379287700234313,0.005170896785337148,-0.24334677308797836,0.3664432466030121
1630625,Dalano Banton,1,1.0,0.7146365,0.28536349534988403,0.20393116772174835,0.01789109764509016,0.005105466159649007,0.28536349534988403,0.28536349534988403
1628368,De'Aaron Fox,144,0.4444444444444444,0.43777502,0.006669428613450767,0.0016172631287280424,0.6967033371374828,0.004646613171791364,-0.06978507312014699,0.08826038150841163
203935,Marcus Smart,91,0.4065934065934066,0.39922237,0.0073710326310042484,0.0025818215204226683,0.5899813811240913,0.0043487720119506305,-0.09187007012603048,0.10974314107999693
1642866,Joan Beringer,5,0.6,0.5446497,0.05535027980804441,0.045115728378295895,0.07607948780208365,0.004211020937498032,-0.3191448926925659,0.37550539076328276
1631123,Jamaree Bouyea,4,0.5,0.45414022,0.04585978388786316,0.05672010779380798,0.06147117470842357,0.002819054787461385,-0.406297966837883,0.4980175495147705
1630170,Devin Vassell,105,0.41904761904761906,0.41548404,0.003563578072048379,0.002166704277332678,0.6316207896240893,0.002250829995754287,-0.08758515386709145,0.08921296230739069
1630162,Anthony Edwards,141,0.4397163120567376,0.43666983,0.0030464855491692533,0.0016404159543595919,0.6936913215933336,0.0021133205868182118,-0.06985876683330705,0.07995718853904844
202687,Bismack Biyombo,2,0.5,0.42873904,0.0712609589099884,0.12164154648780823,0.02963560941026551,0.002111861944457396,-0.46922093629837036,0.6117428541183472
1642261,Dalton Knecht,8,0.375,0.3694502,0.005549788475036621,0.02738715335726738,0.11944562077800759,0.0006628979295873813,-0.27888864604756236,0.3340736260171976
1630540,Miles McBride,64,0.375,0.3738037,0.0011962950229644775,0.003623298369348049,0.5062493773384948,0.0006056236104889072,-0.11916585634462536,0.12248151341918849
1629652,Luguentz Dort,41,0.3902439024390244,0.38877404,0.0014698650778793843,0.005527925236036493,0.4019302096106966,0.0005907831788515038,-0.13708645537859054,0.15385566164807574
1631200,Kris Murray,4,0.5,0.5018444,-0.0018444061279296875,0.057072948664426804,0.06111436819020541,-0.00011271971519456602,-0.3688766658306122,0.3651878535747528
1631119,Jaylin Williams,27,0.37037037037037035,0.37198532,-0.0016149459061799432,0.008563380509574064,0.3025653653477373,-0.0004886266981201672,-0.18533516780093862,0.17999980220640147
1642260,Nikola Topić,2,0.5,0.5196785,-0.019678473472595215,0.10235390067100525,0.03502456919245718,-0.0006892300557428442,-0.30777060985565186,0.26841360330581665
1629006,Josh Okogie,25,0.44,0.44574916,-0.0057491636276245095,0.009068154907226563,0.29061784270141694,-0.0016708095307976874,-0.18733354699611665,0.1896945951282978
203501,Tim Hardaway Jr.,45,0.4222222222222222,0.4266591,-0.004436884986029732,0.005143225399064429,0.41938541781266603,-0.0018607648636528242,-0.13250800468855434,0.12343770348363452
1630578,Alperen Sengun,99,0.46464646464646464,0.46789265,-0.0032461821430861404,0.0023041464287265807,0.6171983031624959,-0.0020035381104691603,-0.09364794313606589,0.0824014220875923
1630228,Jonathan Kuminga,60,0.48333333333333334,0.4888085,-0.0054751793543497684,0.0036570909288194445,0.5039288118231734,-0.0027591006265562483,-0.10943081365277368,0.09377419563631215
1642278,Tyler Kolek,18,0.4444444444444444,0.45687902,-0.012434575292799233,0.01292713188830717,0.22322946078252012,-0.00277576353767122,-0.2339176345202658,0.20431392039689747
1631101,Shaedon Sharpe,34,0.4117647058823529,0.4207226,-0.008957897915559676,0.006903560928819914,0.3498601975799655,-0.0031340119346388693,-0.1745030576691908,0.15938739653895878
1631106,Tari Eason,65,0.47692307692307695,0.4828717,-0.0059486343310429235,0.0033081255579841206,0.5289679838890469,-0.003146637108984944,-0.10435685472419629,0.09602506494865964
1630532,Franz Wagner,57,0.43859649122807015,0.4455271,-0.006930615295443643,0.004150074494732604,0.4723425823089703,-0.0032736247256398973,-0.1330282940022778,0.11754871534935216
1629011,Mitchell Robinson,26,0.7692307692307693,0.77811396,-0.008883191989018324,0.005693769313879973,0.39484558314220997,-0.003507489121068148,-0.14699224268014613,0.11218238616218931
1631230,Dominick Barlow,17,0.5882352941176471,0.603994,-0.015758717761320207,0.012107854895938226,0.2347878396098603,-0.0036999552982019054,-0.20175628026618678,0.17383753534625557
203084,Harrison Barnes,21,0.42857142857142855,0.44272918,-0.014157746519361247,0.010445373128601212,0.26235279129968214,-0.0037143243178677826,-0.18142290551747592,0.17705911589520307
1630217,Desmond Bane,110,0.39090909090909093,0.39689955,-0.005990460244092055,0.002124053860498854,0.6362343463221121,-0.0038113365575685085,-0.09438215751878239,0.0867455098032951
1642281,Jaylon Tyson,53,0.39622641509433965,0.40622854,-0.010002127233541214,0.004406171576668674,0.4574475286884216,-0.0045754483846105875,-0.14030754024971204,0.1252879348284793
1628975,Jevon Carter,4,0.25,0.3231427,-0.07314270734786987,0.052633412182331085,0.06592939968937507,-0.004822254787100704,-0.3763173818588257,0.38853444904088974
1641854,Craig Porter Jr.,1,0.0,0.3598231,-0.3598231077194214,0.23035043478012085,0.015871706570244254,-0.0057110067829160465,-0.3598231077194214,-0.3598231077194214
1629057,Robert Williams III,35,0.6285714285714286,0.6422062,-0.013634763445173004,0.0049424116952078686,0.4291132862716762,-0.0058508581494951094,-0.14955212969865117,0.11161386585661343
1629028,Deandre Ayton,81,0.5308641975308642,0.5412381,-0.01037393160808231,0.0027961667000820424,0.5705594683215071,-0.005918944902711119,-0.10856928294639528,0.09263302557814267
1630249,Vít Krejčí,4,0.25,0.34593594,-0.09593594074249268,0.0564659908413887,0.06173073944205869,-0.005922196561103598,-0.3437974900007248,0.3833185210824013
1629216,Gabe Vincent,22,0.36363636363636365,0.3861847,-0.022548328746448854,0.010402350386312185,0.26315231257517263,-0.00593364485433326,-0.19609044448218563,0.17173202064904297
202066,Garrett Temple,1,0.0,0.389426,-0.38942599296569824,0.23777338862419128,0.015383836585705796,-0.005990865838010517,-0.38942599296569824,-0.38942599296569824
1642873,Amari Williams,1,0.0,0.39006567,-0.39006567001342773,0.23791444301605225,0.015374856067753745,-0.005997203533428379,-0.39006567001342773,-0.39006567001342773
202696,Nikola Vučević,37,0.3783783783783784,0.39452943,-0.01615105367995595,0.006102639275628167,0.37840169119769923,-0.0061115860271201555,-0.1623441778324746,0.1332349065590549
1641772,Nae'Qwan Tomlin,2,0.5,0.6883657,-0.18836569786071777,0.10676226019859314,0.03362698866228425,-0.006334171186325618,-0.6568403244018555,0.2801089882850647
1641783,Tristan da Silva,29,0.3793103448275862,0.40007406,-0.020763719904011713,0.008124238103805342,0.3137881380599063,-0.006515409007877252,-0.180855163752005,0.15377445619167954
1628467,Maxi Kleber,1,0.0,0.4646414,-0.46464139223098755,0.2487497627735138,0.014714995785124346,-0.00683719612827329,-0.46464139223098755,-0.46464139223098755
1630183,Jaden McDaniels,150,0.4533333333333333,0.4632685,-0.009935155312220278,0.0015297554863823784,0.7083276454938376,-0.007037345169920583,-0.08876400515933831,0.06556378345936535
203937,Kyle Anderson,13,0.38461538461538464,0.4274222,-0.042806811057604255,0.018335668292976694,0.16847630530625018,-0.007211933368927901,-0.2628293920594912,0.20517369571786656
1631218,Trayce Jackson-Davis,1,0.0,0.49244595,-0.4924459457397461,0.24994294345378876,0.014645777974780389,-0.0072122539858850716,-0.4924459457397461,-0.4924459457397461
1630692,Jordan Goodwin,4,0.25,0.37355992,-0.12355992197990417,0.05846807360649109,0.059743220874745456,-0.007381867710111731,-0.3740468867123127,0.3650067299604416
1641763,Julian Phillips,3,0.3333333333333333,0.53042823,-0.19709489742914837,0.07728722360399035,0.04586315274198439,-0.009039393385458777,-0.6378895044326782,0.6542899310588837
1629637,Jaxson Hayes,20,0.65,0.6814889,-0.03148887157440183,0.008810237050056458,0.29660219430319334,-0.009339668405099035,-0.21101019870489834,0.15581727284938096
1631321,Sidy Cissoko,10,0.4,0.46306366,-0.06306365728378294,0.020748374462127687,0.1518603016723306,-0.009576866019675747,-0.3463409807160497,0.23301119070500123
1642863,Khaman Maluach,8,0.5,0.57580656,-0.07580655813217163,0.025394737720489502,0.12762106970080278,-0.009674514039163834,-0.32792510092258453,0.2068204581737518
1631124,Julian Strawther,7,0.2857142857142857,0.38362047,-0.09790618504796711,0.03358122280665806,0.09960838113137013,-0.00975227659537636,-0.397529057094029,0.210794952831098
1642905,Yang Hansen,2,0.0,0.24939376,-0.2493937611579895,0.09061324596405029,0.03938393461538911,-0.009822107582932227,-0.3266597390174866,-0.17212779819965363
1628989,Kevin Huerter,7,0.2857142857142857,0.3861887,-0.10047440017972675,0.03333527457957365,0.10026960410458302,-0.010074528328666647,-0.4029778071812221,0.3114131348473685
1641724,Jett Howard,2,0.0,0.27726838,-0.2772683799266815,0.09706737101078033,0.03686177929776443,-0.01022060582710603,-0.3563624918460846,-0.19817428290843964
1629021,Moritz Wagner,4,0.25,0.4283864,-0.178386390209198,0.061007872223854065,0.05739883006015793,-0.010239170096662777,-0.4519425332546234,0.3503390848636627
1630166,Deni Avdija,78,0.44871794871794873,0.46824768,-0.019529733138206662,0.002961684809477215,0.5564150733209368,-0.010866637896033588,-0.11792419261466235,0.08128063397911878
1642876,Adou Thiero,5,0.6,0.70614535,-0.10614534616470339,0.03237033843994141,0.10295085139570487,-0.01092775375934803,-0.40562560901045797,0.18760899305343628
203991,Clint Capela,8,0.375,0.47761703,-0.10261702537536621,0.030524812638759613,0.1084998990375342,-0.011133936892759318,-0.46538261640816925,0.2854436572641134
1629312,Haywood Highsmith,2,0.0,0.358526,-0.35852599143981934,0.1149640679359436,0.03130305691657891,-0.011222959516113549,-0.3660743832588196,-0.3509776294231415
1629638,Nickeil Alexander-Walker,71,0.38028169014084506,0.40177155,-0.021489855269311187,0.0032256390693239266,0.5352545227554172,-0.011502542226258147,-0.12983247121979655,0.08771890986343503
201145,Jeff Green,2,0.0,0.39415354,-0.39415353536605835,0.11806219816207886,0.030506676857068447,-0.012024314535483442,-0.4458462595939636,-0.3424608111381531
201950,Jrue Holiday,77,0.4025974025974026,0.424528,-0.021930600141550016,0.0030575303650159703,0.5485406503622556,-0.012029825664480421,-0.1236929037934774,0.08315324287909963
203903,Jordan Clarkson,50,0.5,0.5275984,-0.02759838104248047,0.00461243667602539,0.44611688066942184,-0.012312103662197493,-0.14791692858934402,0.09364483882486815
1642258,Zaccharie Risacher,14,0.35714285714285715,0.42664152,-0.06949866669518606,0.01633775599148809,0.18526205673756224,-0.012875465932468487,-0.29171929130596774,0.1821226603218487
1631288,Jamal Cain,29,0.41379310344827586,0.45447087,-0.040677769430752464,0.0076730787116197005,0.3262194043981973,-0.013269877715947266,-0.19749025116706714,0.13505953617137054
1629020,Jarred Vanderbilt,21,0.42857142857142855,0.48273277,-0.05416134425571989,0.010826461169184471,0.2554773208799304,-0.013836995125706927,-0.23644835760905628,0.12933397665619842
1641740,Jaylen Clark,10,0.3,0.4007511,-0.10075111389160157,0.023181121349334716,0.13812458782854742,-0.013916206079544505,-0.3933235850930214,0.2222741840034723
1642264,Stephon Castle,122,0.4426229508196721,0.46489817,-0.02227521822100781,0.0018560134797479414,0.666845641790115,-0.014854132190602816,-0.10175081791631023,0.056148416426826685
1628971,Bruce Brown,34,0.4411764705882353,0.48292238,-0.041745904613943674,0.006630719739260558,0.35908682531408687,-0.014990404357685725,-0.17986779795850025,0.10825668880168128
1641737,Adem Bona,16,0.5,0.56844515,-0.06844514608383179,0.01314003299921751,0.22040978378116524,-0.015085979849207632,-0.2795378719922155,0.1480824406724423
1642854,Asa Newell,2,0.5,0.81918716,-0.3191871643066406,0.07130205631256104,0.049522301589118654,-0.015806883014169024,-0.7449212670326233,0.10654687881469727
1631095,Jabari Smith Jr.,85,0.38823529411764707,0.41565636,-0.027421063885969266,0.0026401028748614564,0.5845707974944667,-0.016029553183967774,-0.12023630606339258,0.07178272966076345
1641842,Ronald Holland II,9,0.3333333333333333,0.4547181,-0.12138477961222333,0.024020356896482867,0.13394512158051908,-0.016258899063183768,-0.3530954774055216,0.15864034675889543
1628436,Luke Kornet,36,0.6388888888888888,0.6774042,-0.03851533598370027,0.004906112029228682,0.4309200875340256,-0.01659703195349853,-0.17398889902979137,0.07796887647774481
1642864,Hugo González,3,0.0,0.36976337,-0.3697633743286133,0.0776435997751024,0.045662257800814406,-0.01688423052389218,-0.3791778087615967,-0.35531216859817505
1631165,Keon Ellis,11,0.2727272727272727,0.38757718,-0.11484990336678247,0.0210409952589303,0.15006528396587412,-0.017234983362189413,-0.3783413682471622,0.17877003198320215
1629656,Quentin Grimes,58,0.39655172413793105,0.43210325,-0.035551522312493145,0.0038100658217168166,0.49368461309798956,-0.01755123953788772,-0.15561012481178702,0.08351545825857541
1642348,Justin Edwards,32,0.34375,0.39499417,-0.05124416947364807,0.007018924690783024,0.3461000519363037,-0.017735609716262347,-0.1975718960748054,0.09996409795712678
1641709,Ausar Thompson,75,0.52,0.55165875,-0.03165874958038328,0.0028901858859592014,0.5624380634250685,-0.017806085804449975,-0.12465991522868475,0.06094141943256059
1631094,Paolo Banchero,143,0.4195804195804196,0.44614932,-0.026568899829904513,0.0015936924301386988,0.6997967030313706,-0.01859282850413792,-0.10215639178413195,0.05320291194309303
1630224,Jalen Green,83,0.3855421686746988,0.4192137,-0.03367154354072477,0.0028084430869007374,0.5694857425122628,-0.019175463974823632,-0.13600598925567534,0.06469536708241483
1628418,Thomas Bryant,7,0.2857142857142857,0.47081247,-0.18509818400655476,0.03208528489482646,0.1037705792369823,-0.01920774577007372,-0.4791561322552817,0.12117865021739686
1630700,Dyson Daniels,41,0.43902439024390244,0.48771104,-0.048686651921853785,0.005584540358616581,0.3994832839881172,-0.01944950359612853,-0.19510328640661587,0.10210576171918609
1631128,Christian Braun,36,0.4166666666666667,0.46998775,-0.05332108338673908,0.0062790697003588265,0.371721584734324,-0.019820597616269683,-0.20387117229402066,0.10424469879104027
1630256,Jae'Sean Tate,10,0.3,0.4451365,-0.14513648748397828,0.02314507246017456,0.13830996463989895,-0.020073822451868173,-0.3760195133835077,0.12159698493778705
1642346,Ryan Dunn,4,0.0,0.29743403,-0.2974340319633484,0.05067907273769379,0.06829819424374757,-0.020314207289733793,-0.35246824473142624,-0.2054883874952793
1630559,Austin Reaves,75,0.38666666666666666,0.42369008,-0.03702341397603354,0.0030480248345269097,0.5493116302095437,-0.020337391887097784,-0.14136991917093594,0.07138926809032757
1631207,Dalen Terry,13,0.3076923076923077,0.42232117,-0.11462886287615848,0.017185466529349602,0.1777479440321312,-0.02037504470297826,-0.32299527067404527,0.12364198622795233
1630811,Keaton Wallace,8,0.25,0.41021413,-0.1602141261100769,0.025331124663352966,0.12790056864977936,-0.020491477835206297,-0.34287093942984936,0.09580223714001451
1628976,Wendell Carter Jr.,48,0.5208333333333334,0.56454843,-0.04371509949366248,0.004184302356508043,0.47029591557005646,-0.020559032740608107,-0.1656265913353612,0.07603508095877863
1642347,Jamal Shead,65,0.35384615384615387,0.39471993,-0.04087377465688263,0.0035556763869065504,0.5109578114714306,-0.020884774445257173,-0.15022305778585948,0.06452191069722173
1629026,Kenrich Williams,7,0.14285714285714285,0.32574105,-0.18288390977042063,0.02824436158550029,0.11624187371896619,-0.02125876834476404,-0.30910625415188925,0.003908571068729653
1642845,VJ Edgecombe,145,0.41379310344827586,0.44712102,-0.033327920683499046,0.0015361407594079778,0.7074663374562059,-0.023578381980986,-0.10367665708065033,0.03775923882578981
1641710,Anthony Black,54,0.37037037037037035,0.42125785,-0.050887483137625256,0.004195001717294031,0.46965977738870246,-0.023899804002288427,-0.163913773248593,0.07268652907676167
1626162,Kelly Oubre Jr.,106,0.4528301886792453,0.4904269,-0.03759670932337922,0.0020771824452069866,0.6413828565618646,-0.02411388482315505,-0.1187353013399637,0.04217796831760766
1642266,Ja'Kobe Walter,67,0.373134328358209,0.4208546,-0.04772026992555872,0.0033730005309745873,0.5241264639905412,-0.02501145633675726,-0.15878053946948764,0.05893308126659535
1642345,Oso Ighodaro,24,0.5416666666666666,0.6274958,-0.0858291586240133,0.008274777068032159,0.3098483425686138,-0.02659402254370917,-0.2605287115400036,0.08133722916245453
203932,Aaron Gordon,30,0.4,0.47692823,-0.07692823410034177,0.006958822144402398,0.34804888139004814,-0.02677478582593571,-0.21054197882612546,0.07897912822663779
1629750,Javonte Green,30,0.3,0.38331005,-0.08331004977226258,0.007531323962741428,0.3303312435305074,-0.027519912339859964,-0.22726019777357578,0.07938353560864925
1628404,Josh Hart,91,0.43956043956043955,0.4858822,-0.04632175328967336,0.002442217466264312,0.6033581296052613,-0.027948606424893677,-0.13787852566238942,0.04651394256769297
1642885,Mohamed Diawara,13,0.23076923076923078,0.39982703,-0.1690578025120955,0.017987175100653834,0.17118169294549598,-0.028939600839665833,-0.3602100594112506,0.08459104895591732
1629048,Goga Bitadze,15,0.4,0.55035365,-0.15035364627838133,0.014305121103922526,0.20615923815064985,-0.030996793169923383,-0.34698877632617947,0.07065999145309125
1642450,Daniss Jenkins,78,0.34615384615384615,0.4037,-0.05754614793337309,0.002915738837488539,0.5602705955902075,-0.032241414576553135,-0.15851943733122867,0.04471426940499206
1630572,Sandro Mamukelashvili,35,0.4,0.48969486,-0.08969486355781553,0.006227023066306601,0.3736675490283377,-0.033516059826080094,-0.24892950928636962,0.06559774902250086
1630552,Jalen Johnson,92,0.43478260869565216,0.4903596,-0.055576995663020934,0.0023975489495607315,0.607767261167361,-0.03377787843802454,-0.14592508095842988,0.03241139752385408
1630538,Bones Hyland,43,0.32558139534883723,0.40832067,-0.08273927001065984,0.005248018185340629,0.41448210551682335,-0.03429394684294325,-0.21034123322298362,0.04620398442412531
1631222,Jake LaRavia,27,0.3333333333333333,0.4469402,-0.11360688010851544,0.008439947711750967,0.30563789470553765,-0.03472256766043108,-0.2610492262575361,0.05873302996710491
1628401,Derrick White,81,0.32098765432098764,0.38288346,-0.061895805008617466,0.002831383315442339,0.5674901220056272,-0.03512525793597684,-0.15635140767252004,0.03875403297536165
1627747,Caris LeVert,30,0.36666666666666664,0.4744064,-0.10773972471555077,0.0074122307035658095,0.33386672878691537,-0.03597070945118371,-0.2600616708397865,0.03927991893142454
203471,Dennis Schröder,56,0.4107142857142857,0.4859969,-0.07528261627469746,0.00405585096806896,0.4780698417707141,-0.03599034845053,-0.19386049578897654,0.05208921584832864
1628988,Aaron Holiday,22,0.2727272727272727,0.41207352,-0.1393462500788949,0.010563379476878269,0.2601845301552057,-0.03625573860566707,-0.32110491161319343,0.06401271850548002
1630574,Ariel Hukporti,10,0.4,0.6416838,-0.24168381690979002,0.019295250177383424,0.16145045024196453,-0.03901996105628212,-0.4482443228363991,-0.04293732799589636
1630639,A.J. Lawson,16,0.25,0.44468877,-0.19468876719474792,0.014520121738314629,0.20372852650445852,-0.03966365566755556,-0.3734748771414161,0.033980603888630806
1627827,Dorian Finney-Smith,14,0.14285714285714285,0.36719182,-0.22433467847960337,0.016450863711687982,0.18422294677045853,-0.0413275955323159,-0.3729437604014363,-0.014691216764705561
1630545,Terrence Shannon Jr.,74,0.40540540540540543,0.48130804,-0.07590263759767685,0.002987772117486568,0.5542495018592342,-0.04206899907831437,-0.17796867273848604,0.0223920956757423
1631243,Mouhamed Gueye,14,0.2857142857142857,0.49234608,-0.20663179244313923,0.01421424320765904,0.207204195745123,-0.042814974368553846,-0.40470175838896205,-0.00284983920199534
1631133,Jabari Walker,10,0.1,0.41255584,-0.3125558435916901,0.022279088497161866,0.1429177094935656,-0.044669765254953496,-0.45627831704914573,-0.11896232586354023
1627750,Jamal Murray,129,0.35658914728682173,0.4231258,-0.06653665618378984,0.0018049057526740595,0.6730198147368671,-0.04478048801802487,-0.14577858705911065,0.011785266623478525
1641739,Toumani Camara,38,0.2894736842105263,0.4090939,-0.1196202024033195,0.006113681766795319,0.3779765589470439,-0.045213632484955614,-0.2659005579979796,0.022440005427128384
1627742,Brandon Ingram,58,0.3275862068965517,0.42312884,-0.0955426364109434,0.004083558580396292,0.4763713044305037,-0.045513770335810444,-0.21539111128398059,0.0328846742752297
203497,Rudy Gobert,61,0.5409836065573771,0.6278555,-0.08687187315987754,0.0033182773625969214,0.528204475576274,-0.045886112204741716,-0.19543777397665824,0.017532691432804313
1642263,Reed Sheppard,88,0.3068181818181818,0.38559848,-0.07878029888326471,0.0025883582997913205,0.5893695537760578,-0.04643070959917419,-0.1733993179418824,0.020419501564042077
1629680,Matisse Thybulle,14,0.14285714285714285,0.39993653,-0.25707938415663584,0.01655788081032889,0.18325046595908895,-0.047109916935179144,-0.3990395363952432,-0.06322231159678528
203924,Jerami Grant,43,0.3488372093023256,0.46432647,-0.11548926178799118,0.00522043074447442,0.4157617838701768,-0.04801602149882506,-0.24941832506379416,0.009765643401201316
1631105,Jalen Duren,79,0.4936708860759494,0.5786132,-0.08494233556940584,0.00264970332914162,0.5836890393217042,-0.04957991024624832,-0.17382877333254754,0.01581421935860112
1629640,Keldon Johnson,60,0.38333333333333336,0.4841774,-0.10084407726923622,0.0038185466660393607,0.4931288519902823,-0.04972912405379778,-0.21965446659674248,0.0208357420066992
1641775,Jordan Walsh,19,0.21052631578947367,0.42267984,-0.21215352572892843,0.011550076450337333,0.24336686249367115,-0.05163113792361965,-0.3758200425066446,-0.031187929487542107
203944,Julius Randle,147,0.40816326530612246,0.48364496,-0.07548169700466856,0.0015480493074807517,0.7058655795527358,-0.05327993180182437,-0.14273199219586086,-0.0031614253411488247
1630591,Jalen Suggs,87,0.2988505747126437,0.3951191,-0.09626852609645359,0.00260669694644234,0.5876598532020584,-0.05657314791382044,-0.19428153032030182,-0.0037264034837141847
1630557,Corey Kispert,22,0.18181818181818182,0.41803667,-0.23621848767453973,0.010138546139740747,0.26816334770746214,-0.06334514044519846,-0.3576164797456427,-0.09053355335173298
1642270,Donovan Clingan,46,0.30434782608695654,0.49867812,-0.19433029190353723,0.004652790401292884,0.44396548369993016,-0.08627594204250252,-0.3132517572168423,-0.07060634158551699
